{"nodes":{"node:1":{"location":{"x":-16,"y":-32}}},"selection":["node:1"],"view":{"scroll":{"x":-570.7574462890625,"y":-297.323638916015625},"visible_rect":{"max":{"x":506.62127685546875,"y":282.83819580078125},"min":{"x":-285.37872314453125,"y":-148.661819458007812}},"zoom":2}}